Date,Price (VNI),Price (MSN),Rf
,,,
31/12/2020,"1103,87","88900,00","0,0230"
30/12/2020,"1097,54","83500,00","0,0230"
29/12/2020,"1099,49","83200,00","0,0230"
28/12/2020,"1091,33","82400,00","0,0230"
25/12/2020,"1084,42","82500,00","0,0230"
24/12/2020,"1067,52","82700,00","0,0230"
23/12/2020,"1078,90","82800,00","0,0230"
22/12/2020,"1083,45","82800,00","0,0230"
21/12/2020,"1081,08","83800,00","0,0230"
18/12/2020,"1067,46","84100,00","0,0230"
17/12/2020,"1051,77","84000,00","0,0230"
16/12/2020,"1066,99","84500,00","0,0230"
15/12/2020,"1055,27","84500,00","0,0230"
14/12/2020,"1064,09","84500,00","0,0230"
11/12/2020,"1045,96","84500,00","0,0230"
10/12/2020,"1030,91","83900,00","0,0230"
9/12/2020,"1039,13","85400,00","0,0230"
8/12/2020,"1029,26","85500,00","0,0230"
7/12/2020,"1029,98","86000,00","0,0230"
4/12/2020,"1021,49","86000,00","0,0230"
3/12/2020,"1019,80","83400,00","0,0230"
2/12/2020,"1014,32","83200,00","0,0230"
1/12/2020,"1008,87","83000,00","0,0230"
30/11/2020,"1003,08","82000,00","0,0230"
27/11/2020,"1010,22","83700,00","0,0230"
26/11/2020,"1005,97","83700,00","0,0230"
25/11/2020,"999,94","82300,00","0,0230"
24/11/2020,"995,76","82000,00","0,0230"
23/11/2020,"994,19","83100,00","0,0230"
20/11/2020,"990,00","82000,00","0,0230"
19/11/2020,"983,26","82000,00","0,0230"
18/11/2020,"973,53","82900,00","0,0230"
17/11/2020,"968,90","85000,00","0,0230"
16/11/2020,"950,79","83900,00","0,0230"
13/11/2020,"966,29","90100,00","0,0230"
12/11/2020,"959,28","93100,00","0,0230"
11/11/2020,"952,22","95400,00","0,0230"
10/11/2020,"951,90","95400,00","0,0230"
9/11/2020,"951,99","95600,00","0,0230"
6/11/2020,"938,29","89900,00","0,0230"
5/11/2020,"937,75","87900,00","0,0230"
4/11/2020,"939,76","84200,00","0,0230"
3/11/2020,"935,41","84000,00","0,0230"
2/11/2020,"933,68","84500,00","0,0230"
30/10/2020,"925,47","84000,00","0,0230"
29/10/2020,"919,08","84000,00","0,0230"
28/10/2020,"921,05","86000,00","0,0230"
27/10/2020,"946,47","87900,00","0,0230"
26/10/2020,"950,80","87900,00","0,0230"
23/10/2020,"961,26","86000,00","0,0230"
22/10/2020,"949,90","85000,00","0,0230"
21/10/2020,"939,03","83700,00","0,0230"
20/10/2020,"944,42","83700,00","0,0230"
19/10/2020,"943,69","82000,00","0,0230"
16/10/2020,"943,30","80000,00","0,0230"
15/10/2020,"942,76","81100,00","0,0230"
14/10/2020,"940,18","80000,00","0,0230"
13/10/2020,"929,86","74800,00","0,0230"
12/10/2020,"925,83","70200,00","0,0230"
9/10/2020,"924,00","68100,00","0,0230"
8/10/2020,"918,84","63900,00","0,0230"
7/10/2020,"919,72","61900,00","0,0230"
6/10/2020,"915,67","58000,00","0,0230"
5/10/2020,"914,68","56000,00","0,0230"
2/10/2020,"909,91","54100,00","0,0230"
1/10/2020,"914,09","54900,00","0,0230"
30/09/2020,"905,21","54600,00","0,0230"
29/09/2020,"903,98","53600,00","0,0230"
28/09/2020,"912,50","54700,00","0,0230"
25/09/2020,"908,27","54700,00","0,0230"
24/09/2020,"908,58","55000,00","0,0230"
23/09/2020,"912,50","55400,00","0,0230"
22/09/2020,"906,19","54300,00","0,0230"
21/09/2020,"907,94","54500,00","0,0230"
18/09/2020,"900,95","54200,00","0,0230"
17/09/2020,"894,04","54000,00","0,0230"
16/09/2020,"897,47","54900,00","0,0230"
15/09/2020,"896,26","55400,00","0,0230"
14/9/2020,"894,57","55600,00","0,0230"
11/9/2020,"888,97","55000,00","0,0230"
10/9/2020,"888,82","54800,00","0,0230"
9/9/2020,"889,32","55000,00","0,0230"
8/9/2020,"890,14","54800,00","0,0230"
7/9/2020,"888,25","54600,00","0,0230"
4/9/2020,"901,54","56300,00","0,0230"
3/9/2020,"903,97","55400,00","0,0230"
1/9/2020,"891,73","54600,00","0,0230"
31/08/2020,"881,65","55000,00","0,0230"
28/08/2020,"878,98","54500,00","0,0230"
27/08/2020,"874,71","53600,00","0,0230"
26/08/2020,"873,47","53500,00","0,0230"
25/08/2020,"874,12","53600,00","0,0230"
24/08/2020,"868,68","53600,00","0,0230"
21/08/2020,"854,78","52600,00","0,0230"
20/08/2020,"848,21","52000,00","0,0230"
19/08/2020,"851,21","52700,00","0,0230"
18/08/2020,"846,43","52400,00","0,0230"
17/08/2020,"850,15","53000,00","0,0230"
14/08/2020,"850,74","53400,00","0,0230"
13/08/2020,"855,05","54400,00","0,0230"
12/8/2020,"846,92","54200,00","0,0230"
11/8/2020,"843,08","54600,00","0,0230"
10/8/2020,"843,20","54500,00","0,0230"
7/8/2020,"841,46","54100,00","0,0230"
6/8/2020,"840,04","53900,00","0,0230"
5/8/2020,"837,80","55000,00","0,0230"
4/8/2020,"827,57","54000,00","0,0230"
3/8/2020,"814,65","52600,00","0,0230"
31/07/2020,"798,39","50500,00","0,0230"
30/07/2020,"801,13","49800,00","0,0230"
29/07/2020,"790,84","49350,00","0,0230"
28/07/2020,"813,36","50500,00","0,0230"
27/07/2020,"785,17","49500,00","0,0230"
24/07/2020,"829,16","52000,00","0,0230"
23/07/2020,"856,75","53900,00","0,0230"
22/07/2020,"855,08","54200,00","0,0230"
21/07/2020,"861,69","54700,00","0,0230"
20/07/2020,"861,40","55000,00","0,0230"
17/07/2020,"872,02","56200,00","0,0230"
16/07/2020,"876,83","57000,00","0,0230"
15/07/2020,"869,91","55700,00","0,0230"
14/7/2020,"868,11","56000,00","0,0230"
13/7/2020,"868,72","56600,00","0,0230"
10/7/2020,"871,21","56900,00","0,0230"
9/7/2020,"876,46","57400,00","0,0230"
8/7/2020,"864,50","57000,00","0,0230"
7/7/2020,"863,42","57000,00","0,0230"
6/7/2020,"861,16","57600,00","0,0230"
3/7/2020,"847,61","57200,00","0,0230"
2/7/2020,"842,38","57200,00","0,0230"
1/7/2020,"843,49","55500,00","0,0230"
30/06/2020,"825,11","54100,00","0,0230"
29/06/2020,"829,36","55100,00","0,0230"
26/06/2020,"851,98","56400,00","0,0230"
25/06/2020,"854,59","56700,00","0,0230"
24/06/2020,"859,71","57200,00","0,0230"
23/06/2020,"868,20","58400,00","0,0230"
22/06/2020,"871,28","58300,00","0,0230"
19/06/2020,"868,56","57000,00","0,0230"
18/06/2020,"855,27","57000,00","0,0230"
17/06/2020,"854,44","57500,00","0,0230"
16/06/2020,"856,13","57600,00","0,0230"
15/06/2020,"832,47","56400,00","0,0230"
12/6/2020,"863,52","58500,00","0,0230"
11/6/2020,"867,37","58500,00","0,0230"
10/6/2020,"900,00","62900,00","0,0230"
9/6/2020,"899,43","63000,00","0,0230"
8/6/2020,"899,92","63400,00","0,0230"
5/6/2020,"886,22","63000,00","0,0230"
4/6/2020,"883,90","63500,00","0,0230"
3/6/2020,"881,17","64000,00","0,0230"
2/6/2020,"874,80","63900,00","0,0230"
1/6/2020,"878,67","63100,00","0,0230"
29/05/2020,"864,47","62700,00","0,0230"
28/05/2020,"861,39","62800,00","0,0230"
27/05/2020,"857,48","62500,00","0,0230"
26/05/2020,"869,13","62500,00","0,0230"
25/05/2020,"859,04","61800,00","0,0230"
22/05/2020,"852,74","62000,00","0,0230"
21/05/2020,"862,73","63800,00","0,0230"
20/05/2020,"852,91","63800,00","0,0230"
19/05/2020,"845,92","63000,00","0,0230"
18/05/2020,"837,01","62500,00","0,0230"
15/05/2020,"827,03","62100,00","0,0230"
14/05/2020,"832,40","63900,00","0,0230"
13/05/2020,"834,21","61900,00","0,0230"
12/5/2020,"835,32","62000,00","0,0230"
11/5/2020,"828,33","63100,00","0,0230"
8/5/2020,"813,73","61000,00","0,0230"
7/5/2020,"796,54","58800,00","0,0230"
6/5/2020,"782,59","58000,00","0,0230"
5/5/2020,"764,16","56400,00","0,0230"
4/5/2020,"762,47","57300,00","0,0230"
29/04/2020,"769,11","58800,00","0,0230"
28/04/2020,"767,21","59700,00","0,0230"
27/04/2020,"770,77","58500,00","0,0230"
24/04/2020,"776,66","59500,00","0,0230"
23/04/2020,"773,91","58200,00","0,0230"
22/04/2020,"768,92","58200,00","0,0230"
21/04/2020,"766,84","56600,00","0,0230"
20/04/2020,"794,97","59400,00","0,0230"
17/04/2020,"789,60","60600,00","0,0230"
16/4/2020,"780,70","60800,00","0,0230"
15/4/2020,"777,22","60900,00","0,0230"
14/4/2020,"767,41","61000,00","0,0230"
13/4/2020,"765,79","58100,00","0,0230"
10/4/2020,"757,94","60200,00","0,0230"
9/4/2020,"760,33","59400,00","0,0230"
8/4/2020,"748,02","58900,00","0,0230"
7/4/2020,"746,69","57500,00","0,0230"
6/4/2020,"736,75","55900,00","0,0230"
3/4/2020,"701,80","52300,00","0,0230"
1/4/2020,"680,23","49200,00","0,0230"
31/03/2020,"662,53","49000,00","0,0230"
30/03/2020,"662,26","49100,00","0,0230"
27/03/2020,"696,06","49300,00","0,0230"
26/03/2020,"694,21","49000,00","0,0230"
25/03/2020,"690,25","49100,00","0,0230"
24/03/2020,"659,21","49100,00","0,0230"
23/03/2020,"666,59","49200,00","0,0230"
20/03/2020,"709,73","49200,00","0,0230"
19/03/2020,"725,94","49200,00","0,0230"
18/03/2020,"747,66","49400,00","0,0230"
17/03/2020,"745,78","49500,00","0,0230"
16/03/2020,"747,86","49500,00","0,0230"
13/3/2020,"761,78","49850,00","0,0230"
12/3/2020,"769,25","49950,00","0,0230"
11/3/2020,"811,35","49950,00","0,0230"
10/3/2020,"837,50","52400,00","0,0230"
9/3/2020,"835,49","52000,00","0,0230"
6/3/2020,"891,44","54400,00","0,0230"
5/3/2020,"893,31","50900,00","0,0230"
4/3/2020,"889,37","49000,00","0,0230"
3/3/2020,"890,61","49000,00","0,0230"
2/3/2020,"884,43","49000,00","0,0230"
28/02/2020,"882,19","49000,00","0,0230"
27/02/2020,"898,44","49700,00","0,0230"
26/02/2020,"895,97","49750,00","0,0230"
25/02/2020,"909,67","50600,00","0,0230"
24/02/2020,"903,34","51100,00","0,0230"
21/02/2020,"933,09","53000,00","0,0230"
20/02/2020,"938,13","51100,00","0,0230"
19/02/2020,"928,76","50400,00","0,0230"
18/02/2020,"927,93","49700,00","0,0230"
17/02/2020,"934,77","49700,00","0,0230"
14/2/2020,"937,45","49800,00","0,0230"
13/2/2020,"938,24","50200,00","0,0230"
12/2/2020,"937,68","50500,00","0,0230"
11/2/2020,"934,67","49900,00","0,0230"
10/2/2020,"930,73","49900,00","0,0230"
7/2/2020,"940,75","49900,00","0,0230"
6/2/2020,"938,54","49900,00","0,0230"
5/2/2020,"925,91","50000,00","0,0230"
4/2/2020,"929,09","50000,00","0,0230"
3/2/2020,"928,14","50000,00","0,0230"
31/01/2020,"936,62","50100,00","0,0230"
30/01/2020,"959,58","50100,00","0,0230"
22/01/2020,"991,46","53400,00","0,0230"
21/01/2020,"986,37","54500,00","0,0230"
20/01/2020,"978,63","54300,00","0,0230"
17/01/2020,"978,96","55000,00","0,0230"
16/01/2020,"974,31","56200,00","0,0230"
15/1/2020,"967,56","56500,00","0,0230"
14/1/2020,"967,00","56600,00","0,0230"
13/1/2020,"965,84","57000,00","0,0230"
10/1/2020,"968,54","56500,00","0,0230"
9/1/2020,"960,15","57000,00","0,0230"
8/1/2020,"948,98","56000,00","0,0230"
7/1/2020,"958,88","56800,00","0,0230"
6/1/2020,"955,79","56600,00","0,0230"
3/1/2020,"969,80","57500,00","0,0230"
2/1/2020,"966,67","57000,00","0,0230"
31/12/2019,"960,99","56500,00","0,0230"
31/12/2019,"960,99","57100,00","0,0230"
30/12/2019,"965,03","56900,00","0,0230"
27/12/2019,"963,51","57000,00","0,0230"
26/12/2019,"958,59","55700,00","0,0230"
25/12/2019,"960,92","54500,00","0,0230"
24/12/2019,"958,88","51600,00","0,0230"
23/12/2019,"959,43","55000,00","0,0230"
20/12/2019,"956,41","55600,00","0,0230"
19/12/2019,"952,26","56400,00","0,0230"
18/12/2019,"951,13","56100,00","0,0230"
17/12/2019,"954,03","56700,00","0,0230"
16/12/2019,"961,47","58000,00","0,0230"
13/12/2019,"966,18","58500,00","0,0230"
12/12/2019,"968,17","55700,00","0,0230"
11/12/2019,"961,78","56600,00","0,0230"
10/12/2019,"960,30","60500,00","0,0230"
9/12/2019,"966,06","62500,00","0,0230"
6/12/2019,"963,56","62000,00","0,0230"
5/12/2019,"963,27","62500,00","0,0230"
4/12/2019,"965,90","64200,00","0,0230"
3/12/2019,"953,43","69000,00","0,0230"
2/12/2019,"959,31","70000,00","0,0230"
29/11/2019,"970,75","69500,00","0,0230"
28/11/2019,"970,39","71000,00","0,0230"
27/11/2019,"978,17","71500,00","0,0230"
26/11/2019,"976,79","71500,00","0,0230"
25/11/2019,"976,35","70500,00","0,0230"
22/11/2019,"977,78","71500,00","0,0230"
21/11/2019,"987,89","73600,00","0,0230"
20/11/2019,"1000,56","74000,00","0,0230"
19/11/2019,"1008,35","74400,00","0,0230"
18/11/2019,"1002,91","74500,00","0,0230"
15/11/2019,"1010,03","75200,00","0,0230"
14/11/2019,"1012,30","74300,00","0,0230"
13/11/2019,"1012,77","75000,00","0,0230"
12/11/2019,"1018,33","74500,00","0,0230"
11/11/2019,"1016,75","76800,00","0,0230"
8/11/2019,"1022,49","76500,00","0,0230"
7/11/2019,"1024,03","76000,00","0,0230"
6/11/2019,"1024,91","76000,00","0,0230"
5/11/2019,"1024,34","76300,00","0,0230"
4/11/2019,"1022,43","75700,00","0,0230"
1/11/2019,"1015,59","74200,00","0,0230"
31/10/2019,"998,82","74000,00","0,0230"
30/10/2019,"1000,89","74000,00","0,0230"
29/10/2019,"995,87","74500,00","0,0230"
28/10/2019,"996,48","74600,00","0,0230"
25/10/2019,"996,57","75600,00","0,0230"
24/10/2019,"993,60","75800,00","0,0230"
23/10/2019,"987,79","74400,00","0,0230"
22/10/2019,"987,19","75000,00","0,0230"
21/10/2019,"983,56","76000,00","0,0230"
18/10/2019,"989,20","77000,00","0,0230"
17/10/2019,"989,82","77800,00","0,0230"
16/10/2019,"994,46","78200,00","0,0230"
15/10/2019,"993,05","76600,00","0,0230"
14/10/2019,"993,57","77000,00","0,0230"
11/10/2019,"991,84","77000,00","0,0230"
10/10/2019,"988,85","77000,00","0,0230"
9/10/2019,"987,83","76900,00","0,0230"
8/10/2019,"988,22","76500,00","0,0230"
7/10/2019,"983,09","77400,00","0,0230"
4/10/2019,"987,59","78000,00","0,0230"
3/10/2019,"992,45","77000,00","0,0230"
2/10/2019,"994,71","78800,00","0,0230"
1/10/2019,"999,59","78500,00","0,0230"
30/09/2019,"996,56","79400,00","0,0230"
27/09/2019,"997,84","78500,00","0,0230"
26/09/2019,"990,75","79000,00","0,0230"
25/09/2019,"987,30","79000,00","0,0230"
24/09/2019,"988,13","80000,00","0,0230"
23/09/2019,"992,78","80200,00","0,0230"
20/09/2019,"990,36","80200,00","0,0230"
19/09/2019,"997,10","80900,00","0,0230"
18/9/2019,"995,15","79500,00","0,0230"
17/9/2019,"996,74","77800,00","0,0230"
16/9/2019,"989,86","76500,00","0,0230"
13/9/2019,"987,22","76800,00","0,0230"
12/9/2019,"976,07","78000,00","0,0230"
11/9/2019,"969,31","76100,00","0,0230"
10/9/2019,"970,26","74000,00","0,0230"
9/9/2019,"974,12","74000,00","0,0230"
6/9/2019,"974,08","74500,00","0,0230"
5/9/2019,"976,79","75000,00","0,0230"
4/9/2019,"977,63","74000,00","0,0230"
3/9/2019,"979,36","75400,00","0,0230"
30/08/2019,"984,06","75000,00","0,0230"
29/08/2019,"978,59","74800,00","0,0230"
28/08/2019,"977,26","75000,00","0,0230"
27/08/2019,"976,79","76000,00","0,0230"
26/08/2019,"982,88","77000,00","0,0230"
23/08/2019,"992,45","78000,00","0,0230"
22/08/2019,"997,26","77000,00","0,0230"
21/08/2019,"994,38","76200,00","0,0230"
20/08/2019,"984,67","77100,00","0,0230"
19/08/2019,"981,03","77000,00","0,0230"
16/8/2019,"980,00","76100,00","0,0230"
15/8/2019,"979,38","75600,00","0,0230"
14/8/2019,"968,91","75600,00","0,0230"
13/8/2019,"966,83","76000,00","0,0230"
12/8/2019,"975,31","76100,00","0,0230"
9/8/2019,"974,34","74800,00","0,0230"
8/8/2019,"975,24","74800,00","0,0230"
7/8/2019,"965,93","75000,00","0,0230"
6/8/2019,"964,61","76800,00","0,0230"
5/8/2019,"973,15","79000,00","0,0230"
2/8/2019,"991,10","80100,00","0,0230"
1/8/2019,"997,39","80000,00","0,0230"
31/07/2019,"991,66","79900,00","0,0230"
30/07/2019,"986,02","81000,00","0,0230"
29/07/2019,"997,94","80900,00","0,0230"
26/07/2019,"993,35","80800,00","0,0230"
25/07/2019,"994,95","80700,00","0,0230"
24/07/2019,"988,41","79600,00","0,0230"
23/07/2019,"989,46","79200,00","0,0230"
22/07/2019,"982,04","77700,00","0,0230"
19/07/2019,"982,34","75800,00","0,0230"
18/7/2019,"976,05","79800,00","0,0230"
17/7/2019,"982,57","80400,00","0,0230"
16/7/2019,"982,11","79900,00","0,0230"
15/7/2019,"972,53","81500,00","0,0230"
12/7/2019,"975,40","82500,00","0,0230"
11/7/2019,"978,63","84200,00","0,0230"
10/7/2019,"973,65","84200,00","0,0230"
9/7/2019,"969,05","84500,00","0,0230"
8/7/2019,"966,35","85000,00","0,0230"
5/7/2019,"975,34","85200,00","0,0230"
4/7/2019,"973,04","84500,00","0,0230"
3/7/2019,"960,39","84600,00","0,0230"
2/7/2019,"961,98","85600,00","0,0230"
1/7/2019,"965,61","83000,00","0,0230"
28/06/2019,"949,94","82000,00","0,0230"
27/06/2019,"943,11","85500,00","0,0230"
26/06/2019,"959,13","84000,00","0,0230"
25/06/2019,"960,13","84100,00","0,0230"
24/06/2019,"962,85","84000,00","0,0230"
21/06/2019,"959,20","82500,00","0,0230"
20/06/2019,"959,18","82800,00","0,0230"
19/06/2019,"949,69","82000,00","0,0230"
18/6/2019,"944,01","83500,00","0,0230"
17/6/2019,"946,95","84200,00","0,0230"
14/6/2019,"953,61","84500,00","0,0230"
13/6/2019,"950,08","85000,00","0,0230"
12/6/2019,"954,17","86000,00","0,0230"
11/6/2019,"962,07","86700,00","0,0230"
10/6/2019,"962,90","86000,00","0,0230"
7/6/2019,"958,28","85200,00","0,0230"
6/6/2019,"948,21","85000,00","0,0230"
5/6/2019,"956,28","85000,00","0,0230"
4/6/2019,"951,16","85000,00","0,0230"
3/6/2019,"946,47","85800,00","0,0230"
31/05/2019,"959,88","85500,00","0,0230"
30/05/2019,"969,34","87300,00","0,0230"
29/05/2019,"971,54","87000,00","0,0230"
28/05/2019,"972,00","88400,00","0,0230"
27/05/2019,"975,14","87200,00","0,0230"
24/05/2019,"970,03","90000,00","0,0230"
23/05/2019,"982,71","90000,00","0,0230"
22/05/2019,"983,78","91300,00","0,0230"
21/05/2019,"986,29","88000,00","0,0230"
20/05/2019,"987,13","86500,00","0,0230"
17/5/2019,"976,48","87000,00","0,0230"
16/5/2019,"975,69","87800,00","0,0230"
15/5/2019,"975,64","86500,00","0,0230"
14/5/2019,"965,34","86700,00","0,0230"
13/5/2019,"958,54","87500,00","0,0230"
10/5/2019,"952,55","87700,00","0,0230"
9/5/2019,"947,01","87800,00","0,0230"
8/5/2019,"951,22","87900,00","0,0230"
7/5/2019,"957,56","87000,00","0,0230"
6/5/2019,"957,97","88600,00","0,0230"
3/5/2019,"974,14","88500,00","0,0230"
2/5/2019,"978,50","86900,00","0,0230"
26/04/2019,"979,64","87400,00","0,0230"
25/04/2019,"974,13","88000,00","0,0230"
24/04/2019,"977,57","87900,00","0,0230"
23/04/2019,"964,59","87900,00","0,0230"
22/04/2019,"965,86","87600,00","0,0230"
19/04/2019,"966,21","86000,00","0,0230"
18/4/2019,"962,30","88000,00","0,0230"
17/4/2019,"972,10","87800,00","0,0230"
16/4/2019,"977,17","87800,00","0,0230"
12/4/2019,"982,90","87700,00","0,0230"
11/4/2019,"985,95","86700,00","0,0230"
10/4/2019,"981,91","87500,00","0,0230"
9/4/2019,"988,48","88300,00","0,0230"
8/4/2019,"997,56","88300,00","0,0230"
5/4/2019,"989,26","87800,00","0,0230"
4/4/2019,"986,91","87700,00","0,0230"
3/4/2019,"984,46","88100,00","0,0230"
2/4/2019,"985,81","88000,00","0,0230"
1/4/2019,"988,53","84300,00","0,0230"
29/03/2019,"980,76","85000,00","0,0230"
28/03/2019,"982,98","85000,00","0,0230"
27/03/2019,"975,91","83100,00","0,0230"
26/03/2019,"969,79","82200,00","0,0230"
25/03/2019,"970,07","84500,00","0,0230"
22/03/2019,"988,71","85000,00","0,0230"
21/03/2019,"981,78","85000,00","0,0230"
20/03/2019,"1002,30","87000,00","0,0230"
19/03/2019,"1006,59","86800,00","0,0230"
18/03/2019,"1011,86","86500,00","0,0230"
15/3/2019,"1004,12","88600,00","0,0230"
14/3/2019,"1008,44","89000,00","0,0230"
13/3/2019,"1005,41","88500,00","0,0230"
12/3/2019,"1001,32","89600,00","0,0230"
11/3/2019,"984,60","89800,00","0,0230"
8/3/2019,"985,25","90000,00","0,0230"
7/3/2019,"994,03","90000,00","0,0230"
6/3/2019,"994,49","89400,00","0,0230"
5/3/2019,"992,45","89500,00","0,0230"
4/3/2019,"993,99","89000,00","0,0230"
1/3/2019,"979,63","88900,00","0,0230"
28/02/2019,"965,47","89900,00","0,0230"
27/02/2019,"990,27","90000,00","0,0230"
26/02/2019,"987,06","91200,00","0,0230"
25/02/2019,"994,43","88400,00","0,0230"
22/2/2019,"988,91","89700,00","0,0230"
21/2/2019,"987,57","86000,00","0,0230"
20/2/2019,"970,58","86500,00","0,0230"
19/2/2019,"964,35","85400,00","0,0230"
18/2/2019,"961,30","84700,00","0,0230"
15/2/2019,"950,89","86000,00","0,0230"
14/2/2019,"952,34","85900,00","0,0230"
13/2/2019,"945,25","82300,00","0,0230"
12/2/2019,"937,54","80200,00","0,0230"
11/2/2019,"926,10","78400,00","0,0230"
1/2/2019,"908,67","77700,00","0,0230"
31/01/2019,"910,65","79100,00","0,0230"
30/01/2019,"915,84","79500,00","0,0230"
29/01/2019,"915,93","79100,00","0,0230"
28/01/2019,"912,18","78300,00","0,0230"
25/01/2019,"908,88","78000,00","0,0230"
24/01/2019,"908,79","78000,00","0,0230"
23/01/2019,"908,18","80100,00","0,0230"
22/01/2019,"906,55","80800,00","0,0230"
21/01/2019,"911,05","81000,00","0,0230"
18/1/2019,"902,30","80200,00","0,0230"
17/1/2019,"901,89","81400,00","0,0230"
16/1/2019,"908,70","81900,00","0,0230"
15/1/2019,"909,68","80500,00","0,0230"
14/1/2019,"901,80","80700,00","0,0230"
11/1/2019,"902,71","80200,00","0,0230"
10/1/2019,"898,30","79000,00","0,0230"
9/1/2019,"896,99","79000,00","0,0230"
8/1/2019,"887,44","78200,00","0,0230"
7/1/2019,"889,64","76200,00","0,0230"
4/1/2019,"880,90","78000,00","0,0230"
3/1/2019,"878,22","78600,00","0,0230"
2/1/2019,"891,75","77500,00","0,0230"
28/12/2018,"892,54","79000,00","0,0230"
27/12/2018,"900,81","79000,00","0,0230"
26/12/2018,"891,75","80000,00","0,0230"
25/12/2018,"897,94","79000,00","0,0230"
24/12/2018,"908,56","78600,00","0,0230"
21/12/2018,"912,26","81000,00","0,0230"
20/12/2018,"918,24","81500,00","0,0230"
19/12/2018,"919,24","81200,00","0,0230"
18/12/2018,"927,25","82000,00","0,0230"
17/12/2018,"933,65","85500,00","0,0230"
14/12/2018,"952,04","87100,00","0,0230"
13/12/2018,"960,25","87000,00","0,0230"
12/12/2018,"961,28","85900,00","0,0230"
11/12/2018,"954,58","85600,00","0,0230"
10/12/2018,"955,89","84600,00","0,0230"
7/12/2018,"958,59","83800,00","0,0230"
6/12/2018,"954,82","84100,00","0,0230"
5/12/2018,"957,14","84100,00","0,0230"
4/12/2018,"958,84","82200,00","0,0230"
3/12/2018,"951,59","80000,00","0,0230"
30/11/2018,"926,54","81000,00","0,0230"
29/11/2018,"926,79","81300,00","0,0230"
28/11/2018,"930,20","82000,00","0,0230"
27/11/2018,"923,12","82100,00","0,0230"
26/11/2018,"921,03","81600,00","0,0230"
23/11/2018,"917,97","82000,00","0,0230"
22/11/2018,"924,42","81200,00","0,0230"
21/11/2018,"922,56","81800,00","0,0230"
20/11/2018,"919,02","81800,00","0,0230"
19/11/2018,"916,06","79600,00","0,0230"
16/11/2018,"898,19","79400,00","0,0230"
14/11/2018,"900,93","79000,00","0,0230"
13/11/2018,"905,38","79000,00","0,0230"
12/11/2018,"918,12","83600,00","0,0230"
9/11/2018,"914,29","84300,00","0,0230"
8/11/2018,"926,28","84500,00","0,0230"
7/11/2018,"922,16","84700,00","0,0230"
6/11/2018,"922,05","84000,00","0,0230"
5/11/2018,"925,53","85200,00","0,0230"
2/11/2018,"924,86","84500,00","0,0230"
1/11/2018,"907,96","82000,00","0,0230"
31/10/2018,"914,76","83000,00","0,0230"
30/10/2018,"888,69","78000,00","0,0230"
29/10/2018,"893,37","76500,00","0,0230"
26/10/2018,"908,40","76500,00","0,0230"
25/10/2018,"910,17","77500,00","0,0230"
24/10/2018,"922,73","75000,00","0,0230"
23/10/2018,"939,68","77500,00","0,0230"
22/10/2018,"953,51","79200,00","0,0230"
19/10/2018,"958,36","81000,00","0,0230"
18/10/2018,"963,47","80200,00","0,0230"
17/10/2018,"971,60","81000,00","0,0230"
16/10/2018,"963,37","78600,00","0,0230"
15/10/2018,"951,64","78500,00","0,0230"
12/10/2018,"970,08","81300,00","0,0230"
11/10/2018,"945,89","78600,00","0,0230"
10/10/2018,"993,96","84500,00","0,0230"
9/10/2018,"996,19","88000,00","0,0230"
8/10/2018,"996,12","89800,00","0,0230"
5/10/2018,"1008,39","91000,00","0,0230"
4/10/2018,"1023,62","93900,00","0,0230"
3/10/2018,"1021,62","93200,00","0,0230"
2/10/2018,"1018,79","94000,00","0,0230"
1/10/2018,"1012,88","93900,00","0,0230"
28/09/2018,"1017,13","92800,00","0,0230"
27/09/2018,"1015,37","92500,00","0,0230"
26/09/2018,"1009,61","93500,00","0,0230"
25/09/2018,"1010,74","94400,00","0,0230"
24/09/2018,"1011,29","94500,00","0,0230"
21/09/2018,"1002,97","91000,00","0,0230"
20/09/2018,"1004,74","92500,00","0,0230"
19/09/2018,"995,54","91200,00","0,0230"
18/09/2018,"993,49","90100,00","0,0230"
17/09/2018,"987,61","91600,00","0,0230"
14/9/2018,"991,34","91600,00","0,0230"
13/9/2018,"987,95","92400,00","0,0230"
12/9/2018,"987,01","92600,00","0,0230"
11/9/2018,"985,06","92500,00","0,0230"
10/9/2018,"970,34","91500,00","0,0230"
7/9/2018,"968,90","95000,00","0,0230"
6/9/2018,"958,19","94800,00","0,0230"
5/9/2018,"968,44","93000,00","0,0230"
4/9/2018,"975,94","94000,00","0,0230"
31/08/2018,"989,54","95000,00","0,0230"
30/08/2018,"998,07","97000,00","0,0230"
29/08/2018,"988,17","91000,00","0,0230"
28/08/2018,"995,19","91400,00","0,0230"
27/08/2018,"991,92","91200,00","0,0230"
24/08/2018,"987,05","90600,00","0,0230"
23/08/2018,"987,36","91200,00","0,0230"
22/08/2018,"982,15","92000,00","0,0230"
21/08/2018,"979,21","90300,00","0,0230"
20/08/2018,"969,62","89900,00","0,0230"
17/08/2018,"968,88","89600,00","0,0230"
16/08/2018,"964,28","90000,00","0,0230"
15/8/2018,"961,37","91500,00","0,0230"
14/8/2018,"978,27","93500,00","0,0230"
13/8/2018,"978,04","90900,00","0,0230"
10/8/2018,"968,47","89000,00","0,0230"
9/8/2018,"963,50","89900,00","0,0230"
8/8/2018,"966,27","90000,00","0,0230"
7/8/2018,"956,79","90000,00","0,0230"
6/8/2018,"960,23","87400,00","0,0230"
3/8/2018,"959,60","85000,00","0,0230"
2/8/2018,"953,55","84200,00","0,0230"
1/8/2018,"952,77","84200,00","0,0230"
31/07/2018,"956,39","84200,00","0,0230"
30/07/2018,"949,73","81400,00","0,0230"
27/07/2018,"935,52","81300,00","0,0230"
26/07/2018,"930,16","81000,00","0,0230"
25/07/2018,"927,58","81000,00","0,0230"
24/07/2018,"934,08","80500,00","0,0230"
23/07/2018,"936,74","79100,00","0,0230"
20/07/2018,"933,39","79100,00","0,0230"
19/07/2018,"943,97","79100,00","0,0230"
18/07/2018,"942,39","76000,00","0,0230"
17/07/2018,"921,27","74500,00","0,0230"
16/7/2018,"911,11","74200,00","0,0230"
13/7/2018,"909,72","74900,00","0,0230"
12/7/2018,"898,51","74000,00","0,0230"
11/7/2018,"893,16","74000,00","0,0230"
10/7/2018,"911,12","74200,00","0,0230"
9/7/2018,"915,12","74200,00","0,0230"
6/7/2018,"917,51","74000,00","0,0230"
5/7/2018,"899,40","73900,00","0,0230"
4/7/2018,"914,99","74100,00","0,0230"
3/7/2018,"906,01","74000,00","0,0230"
2/7/2018,"947,15","76000,00","0,0230"
29/06/2018,"960,78","79000,00","0,0230"
28/06/2018,"957,35","79000,00","0,0230"
27/06/2018,"968,91","81000,00","0,0230"
26/06/2018,"983,02","82500,00","0,0230"
25/06/2018,"990,52","83000,00","0,0230"
22/06/2018,"983,17","81000,00","0,0230"
21/06/2018,"969,40","81000,00","0,0230"
20/06/2018,"980,95","81000,00","0,0230"
19/06/2018,"962,16","80000,00","0,0230"
18/06/2018,"987,34","84000,00","0,0230"
15/06/2018,"1016,51","85000,00","0,0230"
14/6/2018,"1015,72","84500,00","0,0230"
13/6/2018,"1030,53","83500,00","0,0230"
12/6/2018,"1020,76","82400,00","0,0230"
11/6/2018,"1039,02","85000,00","0,0230"
8/6/2018,"1039,01","86000,00","0,0230"
7/6/2018,"1036,69","87300,00","0,0230"
6/6/2018,"1034,50","85500,00","0,0230"
5/6/2018,"1022,74","85400,00","0,0230"
4/6/2018,"1013,78","84200,00","0,0230"
1/6/2018,"992,87","83900,00","0,0230"
31/05/2018,"971,25","81000,00","0,0230"
30/05/2018,"948,50","80000,00","0,0230"
29/05/2018,"952,18","80000,00","0,0230"
28/05/2018,"931,75","80000,00","0,0230"
25/05/2018,"963,90","83500,00","0,0230"
24/05/2018,"985,92","84500,00","0,0230"
23/05/2018,"988,94","85000,00","0,0230"
22/05/2018,"985,91","85000,00","0,0230"
21/05/2018,"1014,98","89000,00","0,0230"
18/05/2018,"1040,54","92500,00","0,0230"
17/05/2018,"1030,64","87000,00","0,0230"
16/5/2018,"1054,62","92900,00","0,0230"
15/5/2018,"1073,50","96200,00","0,0230"
14/5/2018,"1066,98","98000,00","0,0230"
11/5/2018,"1044,85","93900,00","0,0230"
10/5/2018,"1028,87","94000,00","0,0230"
9/5/2018,"1056,97","95000,00","0,0230"
8/5/2018,"1060,45","97000,00","0,0230"
7/5/2018,"1062,26","96500,00","0,0230"
4/5/2018,"1026,80","91500,00","0,0230"
3/5/2018,"1026,46","92000,00","0,0230"
2/5/2018,"1029,08","93400,00","0,0230"
27/04/2018,"1050,26","91800,00","0,0230"
26/04/2018,"1044,86","89200,00","0,0230"
24/04/2018,"1080,74","95800,00","0,0230"
23/04/2018,"1076,78","95000,00","0,0230"
20/04/2018,"1119,86","96200,00","0,0230"
19/04/2018,"1094,63","93000,00","0,0230"
18/04/2018,"1138,53","100000,00","0,0230"
17/04/2018,"1153,28","104000,00","0,0230"
16/04/2018,"1148,49","104300,00","0,0230"
13/4/2018,"1157,14","102500,00","0,0230"
12/4/2018,"1173,02","102000,00","0,0230"
11/4/2018,"1167,11","98000,00","0,0230"
10/4/2018,"1198,12","105000,00","0,0230"
9/4/2018,"1204,33","107000,00","0,0230"
6/4/2018,"1199,96","106800,00","0,0230"
5/4/2018,"1193,17","109500,00","0,0230"
4/4/2018,"1191,54","110000,00","0,0230"
3/4/2018,"1188,29","113000,00","0,0230"
2/4/2018,"1196,61","114600,00","0,0230"
30/03/2018,"1174,46","113500,00","0,0230"
29/03/2018,"1167,03","109500,00","0,0230"
28/03/2018,"1172,24","110400,00","0,0230"
27/03/2018,"1171,73","109000,00","0,0230"
26/03/2018,"1171,22","109100,00","0,0230"
23/03/2018,"1153,59","102000,00","0,0230"
22/03/2018,"1172,36","103600,00","0,0230"
21/03/2018,"1169,36","102400,00","0,0230"
20/03/2018,"1159,39","100500,00","0,0230"
19/03/2018,"1159,22","94300,00","0,0230"
16/03/2018,"1150,19","92000,00","0,0230"
15/03/2018,"1138,76","93000,00","0,0230"
14/3/2018,"1138,09","94000,00","0,0230"
13/3/2018,"1133,31","95000,00","0,0230"
12/3/2018,"1126,29","95200,00","0,0230"
9/3/2018,"1123,41","94100,00","0,0230"
8/3/2018,"1124,15","94000,00","0,0230"
7/3/2018,"1112,26","91400,00","0,0230"
6/3/2018,"1120,29","90500,00","0,0230"
5/3/2018,"1093,48","91000,00","0,0230"
2/3/2018,"1121,21","91500,00","0,0230"
1/3/2018,"1115,79","91000,00","0,0230"
28/02/2018,"1121,54","89200,00","0,0230"
27/02/2018,"1119,61","91400,00","0,0230"
26/02/2018,"1114,53","89900,00","0,0230"
23/02/2018,"1102,85","89800,00","0,0230"
22/02/2018,"1076,03","88000,00","0,0230"
21/02/2018,"1087,15","89500,00","0,0230"
13/02/2018,"1059,73","85600,00","0,0230"
12/2/2018,"1041,79","85000,00","0,0230"
9/2/2018,"1003,94","82200,00","0,0230"
8/2/2018,"1023,25","85000,00","0,0230"
7/2/2018,"1040,55","83000,00","0,0230"
6/2/2018,"1011,60","86000,00","0,0230"
5/2/2018,"1048,71","84700,00","0,0230"
2/2/2018,"1105,04","91000,00","0,0230"
1/2/2018,"1099,67","92100,00","0,0230"
31/1/2018,"1110,36","92100,00","0,0230"
30/1/2018,"1110,56","90800,00","0,0230"
29/01/2018,"1109,80","94500,00","0,0230"
26/01/2018,"1115,64","97500,00","0,0230"
25/01/2018,"1104,57","97200,00","0,0230"
23/01/2018,"1087,42","92500,00","0,0230"
22/01/2018,"1087,42","87500,00","0,0230"
19/01/2018,"1062,07","92000,00","0,0230"
18/01/2018,"1050,25","90200,00","0,0230"
17/01/2018,"1034,69","92400,00","0,0230"
16/01/2018,"1062,96","92800,00","0,0230"
15/1/2018,"1063,47","93000,00","0,0230"
12/1/2018,"1050,11","90000,00","0,0230"
11/1/2018,"1048,17","87000,00","0,0230"
10/1/2018,"1038,11","90000,00","0,0230"
9/1/2018,"1033,56","88800,00","0,0230"
8/1/2018,"1022,90","84700,00","0,0230"
5/1/2018,"1012,65","82500,00","0,0230"
4/1/2018,"1019,75","82500,00","0,0230"
3/1/2018,"1005,67","80000,00","0,0230"
2/1/2018,"995,77","76700,00","0,0230"
29/12/2017,"984,24","75700,00","0,0230"
28/12/2017,"976,72","75000,00","0,0230"
27/12/2017,"968,46","75500,00","0,0230"
26/12/2017,"965,93","74200,00","0,0230"
25/12/2017,"958,31","73900,00","0,0230"
22/12/2017,"952,32","73200,00","0,0230"
21/12/2017,"946,06","76100,00","0,0230"
20/12/2017,"953,51","76000,00","0,0230"
19/12/2017,"951,42","75500,00","0,0230"
18/12/2017,"958,06","71700,00","0,0230"
15/12/2017,"935,16","73100,00","0,0230"
14/12/2017,"935,85","71600,00","0,0230"
13/12/2017,"924,40","72200,00","0,0230"
12/12/2017,"927,25","72000,00","0,0230"
11/12/2017,"917,45","71900,00","0,0230"
8/12/2017,"940,16","69000,00","0,0230"
7/12/2017,"938,65","67700,00","0,0230"
6/12/2017,"947,64","68900,00","0,0230"
5/12/2017,"953,30","69000,00","0,0230"
4/12/2017,"970,02","68500,00","0,0230"
1/12/2017,"960,33","67100,00","0,0230"
30/11/2017,"949,93","70000,00","0,0230"
29/11/2017,"952,14","70000,00","0,0230"
28/11/2017,"941,21","68000,00","0,0230"
27/11/2017,"938,61","64300,00","0,0230"
24/11/2017,"935,57","64000,00","0,0230"
23/11/2017,"933,70","64000,00","0,0230"
22/11/2017,"932,66","62400,00","0,0230"
21/11/2017,"918,30","59100,00","0,0230"
20/11/2017,"903,55","58000,00","0,0230"
17/11/2017,"890,69","59000,00","0,0230"
16/11/2017,"892,80","56500,00","0,0230"
15/11/2017,"882,59","58000,00","0,0230"
14/11/2017,"880,90","59000,00","0,0230"
13/11/2017,"879,34","59500,00","0,0230"
10/11/2017,"868,21","59400,00","0,0230"
9/11/2017,"860,40","59900,00","0,0230"
8/11/2017,"850,33","59900,00","0,0230"
7/11/2017,"850,33","60200,00","0,0230"
6/11/2017,"849,09","60200,00","0,0230"
3/11/2017,"843,73","60100,00","0,0230"
2/11/2017,"833,09","60000,00","0,0230"
1/11/2017,"842,71","59500,00","0,0230"
31/10/2017,"837,28","60000,00","0,0230"
30/10/2017,"846,14","58500,00","0,0230"
27/10/2017,"840,37","57200,00","0,0230"
26/10/2017,"830,11","56500,00","0,0230"
25/10/2017,"830,69","56000,00","0,0230"
24/10/2017,"825,24","56000,00","0,0230"
23/10/2017,"820,04","56500,00","0,0230"
20/10/2017,"826,84","56000,00","0,0230"
19/10/2017,"828,93","56700,00","0,0230"
18/10/2017,"827,72","56200,00","0,0230"
17/10/2017,"828,29","57300,00","0,0230"
16/10/2017,"819,43","58200,00","0,0230"
13/10/2017,"820,95","57300,00","0,0230"
12/10/2017,"815,87","55600,00","0,0230"
11/10/2017,"813,95","57200,00","0,0230"
10/10/2017,"810,65","57200,00","0,0230"
9/10/2017,"807,80","57100,00","0,0230"
9/10/2017,"808,96","57700,00","0,0230"
6/10/2017,"807,80","55000,00","0,0230"
5/10/2017,"805,23","54900,00","0,0230"
4/10/2017,"805,66","55300,00","0,0230"
3/10/2017,"798,00","55100,00","0,0230"
2/10/2017,"802,23","55700,00","0,0230"
29/09/2017,"804,42","54900,00","0,0230"
28/09/2017,"804,82","55900,00","0,0230"
27/09/2017,"803,77","54500,00","0,0230"
26/09/2017,"805,35","52000,00","0,0230"
25/09/2017,"805,58","51200,00","0,0230"
22/09/2017,"807,13","53800,00","0,0230"
21/09/2017,"803,93","55500,00","0,0230"
20/09/2017,"805,86","56300,00","0,0230"
19/09/2017,"805,93","56100,00","0,0230"
18/09/2017,"807,87","56300,00","0,0230"
15/09/2017,"805,82","56000,00","0,0230"
14/9/2017,"806,32","55100,00","0,0230"
13/9/2017,"802,78","53500,00","0,0230"
12/9/2017,"799,94","53200,00","0,0230"
11/9/2017,"797,47","50000,00","0,0230"
8/9/2017,"801,20","48000,00","0,0230"
7/9/2017,"796,72","47900,00","0,0230"
6/9/2017,"793,55","48200,00","0,0230"
5/9/2017,"792,31","47500,00","0,0230"
1/9/2017,"788,73","46800,00","0,0230"
31/08/2017,"782,76","45200,00","0,0230"
30/08/2017,"778,65","47000,00","0,0230"
29/08/2017,"774,03","46500,00","0,0230"
28/08/2017,"777,26","46000,00","0,0230"
25/08/2017,"771,63","45600,00","0,0230"
24/08/2017,"769,77","45000,00","0,0230"
23/08/2017,"765,98","45000,00","0,0230"
22/08/2017,"761,26","44600,00","0,0230"
21/08/2017,"768,79","44900,00","0,0230"
18/08/2017,"768,97","44600,00","0,0230"
17/08/2017,"767,59","44100,00","0,0230"
16/8/2017,"772,33","44000,00","0,0230"
15/8/2017,"771,06","42700,00","0,0230"
14/8/2017,"776,17","42500,00","0,0230"
11/8/2017,"772,08","42000,00","0,0230"
10/8/2017,"773,43","42700,00","0,0230"
9/8/2017,"773,66","42700,00","0,0230"
8/8/2017,"791,57","42750,00","0,0230"
7/8/2017,"793,31","42600,00","0,0230"
4/8/2017,"788,68","42500,00","0,0230"
3/8/2017,"788,49","42450,00","0,0230"
2/8/2017,"786,23","42800,00","0,0230"
1/8/2017,"786,81","41600,00","0,0230"
31/07/2017,"783,55","41500,00","0,0230"
28/07/2017,"777,09","41550,00","0,0230"
27/07/2017,"771,50","41600,00","0,0230"
26/07/2017,"773,88","41450,00","0,0230"
25/07/2017,"767,27","41200,00","0,0230"
24/07/2017,"759,74","41200,00","0,0230"
21/07/2017,"761,86","41000,00","0,0230"
20/07/2017,"768,41","41000,00","0,0230"
19/07/2017,"771,30","40650,00","0,0230"
18/07/2017,"767,49","41500,00","0,0230"
17/07/2017,"768,91","41300,00","0,0230"
14/7/2017,"777,60","41450,00","0,0230"
13/7/2017,"778,30","41650,00","0,0230"
12/7/2017,"774,17","41500,00","0,0230"
11/7/2017,"769,36","41750,00","0,0230"
10/7/2017,"766,56","41450,00","0,0230"
7/7/2017,"775,73","41300,00","0,0230"
6/7/2017,"782,65","41400,00","0,0230"
5/7/2017,"778,32","41500,00","0,0230"
4/7/2017,"775,54","42000,00","0,0230"
3/7/2017,"778,88","42400,00","0,0230"
30/06/2017,"776,47","41600,00","0,0230"
29/06/2017,"771,75","41600,00","0,0230"
28/06/2017,"769,04","42200,00","0,0230"
27/06/2017,"767,51","41150,00","0,0230"
26/06/2017,"772,52","41600,00","0,0230"
23/06/2017,"769,01","42000,00","0,0230"
22/06/2017,"766,30","42900,00","0,0230"
21/06/2017,"767,41","43600,00","0,0230"
20/06/2017,"767,99","42300,00","0,0230"
19/06/2017,"766,83","43350,00","0,0230"
16/06/2017,"761,24","43700,00","0,0230"
15/06/2017,"760,57","43050,00","0,0230"
14/6/2017,"760,77","43300,00","0,0230"
13/6/2017,"756,89","43200,00","0,0230"
12/6/2017,"751,09","43100,00","0,0230"
9/6/2017,"749,72","43550,00","0,0230"
8/6/2017,"750,13","44100,00","0,0230"
7/6/2017,"753,46","44300,00","0,0230"
6/6/2017,"751,31","43800,00","0,0230"
5/6/2017,"743,49","43900,00","0,0230"
2/6/2017,"738,81","43200,00","0,0230"
1/6/2017,"741,80","42800,00","0,0230"
31/05/2017,"737,82","43000,00","0,0230"
30/05/2017,"738,21","42800,00","0,0230"
29/05/2017,"746,25","43000,00","0,0230"
26/05/2017,"743,41","43500,00","0,0230"
25/05/2017,"741,91","44100,00","0,0230"
24/05/2017,"742,74","44100,00","0,0230"
23/05/2017,"740,93","43000,00","0,0230"
22/05/2017,"744,10","43500,00","0,0230"
19/05/2017,"733,82","43500,00","0,0230"
18/05/2017,"726,99","43850,00","0,0230"
17/05/2017,"727,20","42600,00","0,0230"
16/5/2017,"725,03","42600,00","0,0230"
15/5/2017,"725,35","42700,00","0,0230"
12/5/2017,"725,37","42900,00","0,0230"
11/5/2017,"724,99","42400,00","0,0230"
10/5/2017,"724,31","42650,00","0,0230"
9/5/2017,"722,11","43100,00","0,0230"
8/5/2017,"718,86","44000,00","0,0230"
5/5/2017,"720,00","44300,00","0,0230"
4/5/2017,"722,02","44450,00","0,0230"
3/5/2017,"719,54","45150,00","0,0230"
28/04/2017,"717,73","45450,00","0,0230"
27/04/2017,"716,53","45500,00","0,0230"
26/04/2017,"710,04","45400,00","0,0230"
25/04/2017,"707,58","45000,00","0,0230"
24/04/2017,"709,39","44900,00","0,0230"
21/04/2017,"712,41","45800,00","0,0230"
20/04/2017,"712,66","46000,00","0,0230"
19/04/2017,"716,77","44000,00","0,0230"
18/04/2017,"714,93","45500,00","0,0230"
17/4/2017,"710,83","45750,00","0,0230"
14/4/2017,"718,45","45800,00","0,0230"
13/4/2017,"724,35","46100,00","0,0230"
12/4/2017,"725,58","46500,00","0,0230"
11/4/2017,"731,33","47300,00","0,0230"
10/4/2017,"729,87","45900,00","0,0230"
7/4/2017,"727,95","47200,00","0,0230"
5/4/2017,"723,22","47900,00","0,0230"
4/4/2017,"724,14","47050,00","0,0230"
3/4/2017,"722,38","46500,00","0,0230"
31/03/2017,"722,31","47000,00","0,0230"
30/03/2017,"723,86","46000,00","0,0230"
29/03/2017,"720,47","47800,00","0,0230"
28/03/2017,"719,26","47800,00","0,0230"
27/03/2017,"723,52","48000,00","0,0230"
23/03/2017,"719,56","47500,00","0,0230"
22/03/2017,"712,94","47100,00","0,0230"
21/03/2017,"716,18","45900,00","0,0230"
20/03/2017,"715,07","44100,00","0,0230"
17/03/2017,"710,54","43500,00","0,0230"
16/03/2017,"714,92","43750,00","0,0230"
15/03/2017,"713,14","43200,00","0,0230"
14/3/2017,"714,71","41700,00","0,0230"
13/3/2017,"710,17","41750,00","0,0230"
10/3/2017,"712,21","41750,00","0,0230"
9/3/2017,"715,80","41700,00","0,0230"
8/3/2017,"716,60","41000,00","0,0230"
7/3/2017,"716,54","41000,00","0,0230"
6/3/2017,"716,29","41000,00","0,0230"
3/3/2017,"712,62","40900,00","0,0230"
2/3/2017,"707,51","41000,00","0,0230"
1/3/2017,"709,52","41000,00","0,0230"
28/02/2017,"710,79","41000,00","0,0230"
27/02/2017,"717,44","41700,00","0,0230"
24/02/2017,"714,47","42200,00","0,0230"
23/02/2017,"716,87","42200,00","0,0230"
22/02/2017,"717,24","42550,00","0,0230"
21/02/2017,"716,55","42000,00","0,0230"
20/02/2017,"710,59","41700,00","0,0230"
17/02/2017,"707,83","41950,00","0,0230"
16/02/2017,"709,35","41950,00","0,0230"
15/02/2017,"711,57","41500,00","0,0230"
14/2/2017,"706,26","41800,00","0,0230"
13/2/2017,"705,90","42000,00","0,0230"
10/2/2017,"703,78","42500,00","0,0230"
9/2/2017,"700,65","42600,00","0,0230"
8/2/2017,"702,04","42600,00","0,0230"
7/2/2017,"701,91","42600,00","0,0230"
6/2/2017,"700,04","42300,00","0,0230"
3/2/2017,"700,35","42200,00","0,0230"
2/2/2017,"703,18","41250,00","0,0230"
25/01/2017,"697,28","41200,00","0,0230"
24/01/2017,"691,36","41200,00","0,0230"
23/01/2017,"687,15","61500,00","0,0230"
20/01/2017,"686,26","62000,00","0,0230"
19/01/2017,"682,31","62500,00","0,0230"
18/01/2017,"683,28","62700,00","0,0230"
17/01/2017,"684,71","62700,00","0,0230"
16/01/2017,"677,94","62700,00","0,0230"
13/01/2017,"685,06","62700,00","0,0230"
12/1/2017,"686,96","63300,00","0,0230"
11/1/2017,"687,16","63700,00","0,0230"
10/1/2017,"681,07","62600,00","0,0230"
9/1/2017,"682,57","63200,00","0,0230"
6/1/2017,"679,80","63100,00","0,0230"
5/1/2017,"675,81","63500,00","0,0230"
4/1/2017,"674,70","65400,00","0,0230"
3/1/2017,"672,01","64800,00","0,0230"
30/12/2016,"664,87","63900,00","0,0230"
29/12/2016,"664,72","63700,00","0,0230"
28/12/2016,"663,50","65000,00","0,0230"
27/12/2016,"663,86","65300,00","0,0230"
26/12/2016,"662,45","65300,00","0,0230"
23/12/2016,"664,37","65300,00","0,0230"
22/12/2016,"664,15","62400,00","0,0230"
21/12/2016,"666,94","61900,00","0,0230"
20/12/2016,"662,66","63500,00","0,0230"
19/12/2016,"674,33","65000,00","0,0230"
16/12/2016,"675,16","62100,00","0,0230"
15/12/2016,"665,92","62100,00","0,0230"
14/12/2016,"665,14","61000,00","0,0230"
13/12/2016,"654,66","63000,00","0,0230"
12/12/2016,"659,70","63300,00","0,0230"
9/12/2016,"663,07","63300,00","0,0230"
8/12/2016,"658,89","63000,00","0,0230"
7/12/2016,"653,53","63300,00","0,0230"
6/12/2016,"651,49","63200,00","0,0230"
5/12/2016,"660,21","62800,00","0,0230"
2/12/2016,"665,14","64400,00","0,0230"
1/12/2016,"666,54","64100,00","0,0230"
30/11/2016,"665,07","62700,00","0,0230"
29/11/2016,"658,26","64000,00","0,0230"
28/11/2016,"665,29","68000,00","0,0230"
25/11/2016,"675,87","69000,00","0,0230"
24/11/2016,"678,18","68200,00","0,0230"
23/11/2016,"683,16","63900,00","0,0230"
22/11/2016,"681,91","63400,00","0,0230"
21/11/2016,"674,29","63400,00","0,0230"
18/11/2016,"673,25","63300,00","0,0230"
17/11/2016,"674,57","63100,00","0,0230"
16/11/2016,"674,60","63000,00","0,0230"
15/11/2016,"674,26","62000,00","0,0230"
14/11/2016,"673,05","64500,00","0,0230"
11/11/2016,"679,20","65000,00","0,0230"
10/11/2016,"678,17","65000,00","0,0230"
9/11/2016,"670,26","65000,00","0,0230"
8/11/2016,"676,46","65000,00","0,0230"
7/11/2016,"674,14","65100,00","0,0230"
4/11/2016,"666,73","65300,00","0,0230"
3/11/2016,"667,63","65500,00","0,0230"
2/11/2016,"671,40","65500,00","0,0230"
1/11/2016,"676,60","65700,00","0,0230"
31/10/2016,"675,80","65700,00","0,0230"
28/10/2016,"682,25","65500,00","0,0230"
27/10/2016,"676,90","65700,00","0,0230"
26/10/2016,"673,61","66000,00","0,0230"
25/10/2016,"676,18","66000,00","0,0230"
24/10/2016,"678,02","66300,00","0,0230"
21/10/2016,"684,83","66500,00","0,0230"
20/10/2016,"686,39","66500,00","0,0230"
19/10/2016,"688,89","66700,00","0,0230"
18/10/2016,"682,02","66700,00","0,0230"
17/10/2016,"680,95","68200,00","0,0230"
14/10/2016,"687,00","68000,00","0,0230"
13/10/2016,"685,23","68000,00","0,0230"
12/10/2016,"682,45","68300,00","0,0230"
11/10/2016,"682,36","68300,00","0,0230"
10/10/2016,"674,19","68500,00","0,0230"
7/10/2016,"683,95","69200,00","0,0230"
6/10/2016,"687,32","69900,00","0,0230"
5/10/2016,"687,04","69900,00","0,0230"
4/10/2016,"684,20","70000,00","0,0230"
3/10/2016,"683,05","70300,00","0,0230"
30/09/2016,"685,73","68200,00","0,0230"
29/09/2016,"688,55","67500,00","0,0230"
28/09/2016,"686,72","70600,00","0,0230"
27/09/2016,"684,89","70900,00","0,0230"
26/09/2016,"677,04","71000,00","0,0230"
23/09/2016,"674,09","71000,00","0,0230"
22/09/2016,"671,38","70500,00","0,0230"
21/09/2016,"668,48","70200,00","0,0230"
20/09/2016,"663,37","68000,00","0,0230"
19/09/2016,"657,89","65000,00","0,0230"
16/09/2016,"651,31","65000,00","0,0230"
15/09/2016,"656,18","66800,00","0,0230"
14/09/2016,"656,64","68500,00","0,0230"
13/9/2016,"659,72","69000,00","0,0230"
12/9/2016,"659,76","69000,00","0,0230"
9/9/2016,"666,88","68500,00","0,0230"
8/9/2016,"666,07","68000,00","0,0230"
7/9/2016,"661,28","68000,00","0,0230"
6/9/2016,"663,90","67000,00","0,0230"
5/9/2016,"664,55","67000,00","0,0230"
1/9/2016,"669,19","69000,00","0,0230"
31/08/2016,"674,63","70000,00","0,0230"
30/08/2016,"672,67","67000,00","0,0230"
29/08/2016,"669,44","63000,00","0,0230"
26/08/2016,"667,75","61500,00","0,0230"
25/08/2016,"658,50","61500,00","0,0230"
24/08/2016,"660,77","63000,00","0,0230"
23/08/2016,"659,16","65000,00","0,0230"
22/08/2016,"657,68","67500,00","0,0230"
19/08/2016,"662,28","63500,00","0,0230"
18/08/2016,"660,65","59500,00","0,0230"
17/08/2016,"660,51","59500,00","0,0230"
16/08/2016,"658,11","60000,00","0,0230"
15/08/2016,"659,47","60500,00","0,0230"
12/8/2016,"655,71","61000,00","0,0230"
11/8/2016,"660,24","60500,00","0,0230"
10/8/2016,"648,33","60500,00","0,0230"
9/8/2016,"637,34","59500,00","0,0230"
8/8/2016,"629,46","61500,00","0,0230"
5/8/2016,"627,39","62000,00","0,0230"
4/8/2016,"631,94","61500,00","0,0230"
3/8/2016,"631,61","61500,00","0,0230"
2/8/2016,"636,05","64000,00","0,0230"
1/8/2016,"648,38","64000,00","0,0230"
29/07/2016,"652,23","66000,00","0,0230"
28/07/2016,"657,14","66000,00","0,0230"
27/07/2016,"656,11","66500,00","0,0230"
26/07/2016,"648,59","67000,00","0,0230"
25/07/2016,"649,30","67000,00","0,0230"
22/07/2016,"649,87","67500,00","0,0230"
21/07/2016,"659,57","67000,00","0,0230"
20/07/2016,"660,26","67500,00","0,0230"
19/07/2016,"667,76","69000,00","0,0230"
18/07/2016,"673,50","67500,00","0,0230"
15/07/2016,"664,56","67500,00","0,0230"
14/07/2016,"666,69","67000,00","0,0230"
13/07/2016,"675,12","67000,00","0,0230"
12/7/2016,"658,90","67000,00","0,0230"
11/7/2016,"652,26","67000,00","0,0230"
8/7/2016,"658,68","67000,00","0,0230"
7/7/2016,"657,52","67000,00","0,0230"
6/7/2016,"649,46","67500,00","0,0230"
5/7/2016,"650,88","67000,00","0,0230"
4/7/2016,"647,96","67000,00","0,0230"
1/7/2016,"640,30","66500,00","0,0230"
30/06/2016,"632,26","67000,00","0,0230"
29/06/2016,"630,12","67000,00","0,0230"
28/06/2016,"622,20","67000,00","0,0230"
27/06/2016,"621,27","67500,00","0,0230"
24/06/2016,"620,77","69000,00","0,0230"
23/06/2016,"632,27","69000,00","0,0230"
22/06/2016,"626,41","69000,00","0,0230"
21/06/2016,"628,00","69500,00","0,0230"
20/06/2016,"626,46","71000,00","0,0230"
17/06/2016,"619,25","68500,00","0,0230"
16/06/2016,"625,11","68500,00","0,0230"
15/06/2016,"627,02","69000,00","0,0230"
14/6/2016,"625,43","69000,00","0,0230"
13/6/2016,"623,58","70000,00","0,0230"
10/6/2016,"629,84","69500,00","0,0230"
9/6/2016,"631,26","70000,00","0,0230"
8/6/2016,"627,87","69000,00","0,0230"
7/6/2016,"624,65","68500,00","0,0230"
6/6/2016,"620,05","69000,00","0,0230"
3/6/2016,"621,88","69000,00","0,0230"
2/6/2016,"623,37","69000,00","0,0230"
1/6/2016,"619,86","69500,00","0,0230"
31/05/2016,"618,44","69000,00","0,0230"
30/05/2016,"614,50","69000,00","0,0230"
27/05/2016,"608,11","69000,00","0,0230"
26/05/2016,"604,34","70000,00","0,0230"
25/05/2016,"611,89","71000,00","0,0230"
24/05/2016,"611,62","69500,00","0,0230"
23/05/2016,"611,03","69500,00","0,0230"
20/05/2016,"614,81","70000,00","0,0230"
19/05/2016,"619,20","71500,00","0,0230"
18/05/2016,"622,45","71000,00","0,0230"
17/05/2016,"624,75","71000,00","0,0230"
16/05/2016,"615,78","70500,00","0,0230"
13/05/2016,"610,82","72000,00","0,0230"
12/5/2016,"612,12","72000,00","0,0230"
11/5/2016,"614,06","71500,00","0,0230"
10/5/2016,"605,05","71500,00","0,0230"
9/5/2016,"603,85","72500,00","0,0230"
6/5/2016,"606,52","71000,00","0,0230"
5/5/2016,"601,51","71000,00","0,0230"
4/5/2016,"599,07","70000,00","0,0230"
29/04/2016,"598,37","69000,00","0,0230"
28/04/2016,"591,67","69500,00","0,0230"
27/04/2016,"593,96","69000,00","0,0230"
26/04/2016,"598,48","68500,00","0,0230"
25/04/2016,"591,58","69000,00","0,0230"
22/04/2016,"592,48","70000,00","0,0230"
21/04/2016,"575,73","67500,00","0,0230"
20/04/2016,"568,03","69000,00","0,0230"
19/04/2016,"568,28","69500,00","0,0230"
15/04/2016,"579,86","69500,00","0,0230"
14/04/2016,"579,49","69000,00","0,0230"
13/4/2016,"578,02","70000,00","0,0230"
12/4/2016,"579,84","71000,00","0,0230"
11/4/2016,"579,27","69500,00","0,0230"
8/4/2016,"572,34","71000,00","0,0230"
7/4/2016,"571,60","71000,00","0,0230"
6/4/2016,"567,79","70500,00","0,0230"
5/4/2016,"560,32","70000,00","0,0230"
4/4/2016,"555,82","71000,00","0,0230"
1/4/2016,"558,43","71500,00","0,0230"
31/03/2016,"561,22","72500,00","0,0230"
30/03/2016,"569,91","72500,00","0,0230"
29/03/2016,"568,28","74500,00","0,0230"
28/03/2016,"575,72","74000,00","0,0230"
25/03/2016,"572,08","73500,00","0,0230"
24/03/2016,"570,66","72000,00","0,0230"
23/03/2016,"574,71","70000,00","0,0230"
22/03/2016,"570,91","70000,00","0,0230"
21/03/2016,"572,27","71500,00","0,0230"
18/03/2016,"575,82","72500,00","0,0230"
17/03/2016,"579,26","73000,00","0,0230"
16/03/2016,"577,07","73500,00","0,0230"
15/3/2016,"574,04","75000,00","0,0230"
14/3/2016,"577,98","73500,00","0,0230"
11/3/2016,"577,26","74500,00","0,0230"
10/3/2016,"575,91","75500,00","0,0230"
9/3/2016,"571,71","75000,00","0,0230"
8/3/2016,"574,71","74500,00","0,0230"
7/3/2016,"576,20","74500,00","0,0230"
4/3/2016,"573,65","74500,00","0,0230"
3/3/2016,"570,39","73000,00","0,0230"
2/3/2016,"570,18","72000,00","0,0230"
1/3/2016,"561,56","72000,00","0,0230"
29/02/2016,"559,37","74000,00","0,0230"
26/02/2016,"566,11","72000,00","0,0230"
25/02/2016,"562,82","73500,00","0,0230"
24/2/2016,"568,04","74000,00","0,0230"
23/2/2016,"561,28","74500,00","0,0230"
22/2/2016,"560,71","71500,00","0,0230"
19/2/2016,"554,03","72000,00","0,0230"
18/2/2016,"552,49","72000,00","0,0230"
17/2/2016,"547,05","72000,00","0,0230"
16/2/2016,"548,05","72000,00","0,0230"
15/2/2016,"543,79","73500,00","0,0230"
5/2/2016,"544,75","73500,00","0,0230"
4/2/2016,"542,15","72000,00","0,0230"
3/2/2016,"539,07","70500,00","0,0230"
2/2/2016,"536,45","71500,00","0,0230"
1/2/2016,"540,56","72500,00","0,0230"
29/01/2016,"545,25","73000,00","0,0230"
28/01/2016,"539,47","73500,00","0,0230"
27/01/2016,"542,69","73500,00","0,0230"
26/01/2016,"537,73","74000,00","0,0230"
25/01/2016,"542,35","71000,00","0,0230"
22/01/2016,"522,24","71500,00","0,0230"
21/01/2016,"521,88","71500,00","0,0230"
20/01/2016,"529,44","71000,00","0,0230"
19/01/2016,"535,77","70000,00","0,0230"
18/01/2016,"526,37","70000,00","0,0230"
15/1/2016,"543,04","74000,00","0,0230"
14/1/2016,"553,03","75000,00","0,0230"
13/1/2016,"560,37","76500,00","0,0230"
12/1/2016,"564,26","76000,00","0,0230"
11/1/2016,"557,87","76500,00","0,0230"
8/1/2016,"560,05","77500,00","0,0230"
7/1/2016,"565,36","76000,00","0,0230"
6/1/2016,"574,57","76750,00","0,0230"
5/1/2016,"569,94","76850,00","0,0230"
4/1/2016,"574,41","76950,00","0,0230"
,"548,30","74052,50",